ID,Activity Description,Profession,Hobby
1,Playing soccer,0,0
2,Playing basketball,0,0
3,Cycling,0,0
4,Morning jogging,0,0
5,Swimming,0,0
6,Yoga,0,0
7,Futsal,0,0
8,Swimming in the pool,0,0
9,Weightlifting,0,0
10,Watching sports matches,0,0
11,Playing soccer,1,0
12,Playing basketball,1,0
13,Cycling,1,0
14,Morning jogging,1,0
15,Swimming,1,0
16,Yoga,1,0
17,Futsal,1,0
18,Swimming in the pool,1,0
19,Weightlifting,1,0
20,Watching sports matches,1,0
21,Reading books,0,1
22,Studying school subjects,0,1
23,Writing notes or journals,0,1
24,Doing school assignments,0,1
25,Learning a foreign language,0,1
26,Attending online classes,0,1
27,Reading novels or fiction stories,0,1
28,Learning new skills,0,1
29,Reading articles or scientific journals,0,1
30,Group discussions or collaborative study,0,1
31,Reading books,1,1
32,Studying work-related subjects,1,1
33,Writing reports or notes,1,1
34,Doing office tasks,1,1
35,Learning a foreign language,1,1
36,Attending webinars or training,1,1
37,Reading novels or fiction stories,1,1
38,Learning new skills,1,1
39,Reading articles or scientific journals,1,1
40,Group discussions or collaborative study,1,1
41,Watching movies,0,2
42,Watching TV shows,0,2
43,Playing video games,0,2
44,Listening to music,0,2
45,Attending live streaming events,0,2
46,Watching dramas or movies,0,2
47,Reading comics or manga,0,2
48,Watching YouTube videos,0,2
49,Talking with friends or family,0,2
50,Attending concerts or music events,0,2
51,Watching movies,1,2
52,Watching TV shows,1,2
53,Playing video games,1,2
54,Listening to music,1,2
55,Attending live streaming events,1,2
56,Watching dramas or movies,1,2
57,Reading comics or manga,1,2
58,Watching YouTube videos,1,2
59,Talking with friends or family,1,2
60,Attending concerts or music events,1,2